Workbook
Name Slicer_Platform: #N/A

Sheet Post
A1: Post ID | B1: Platform | C1: Date | D1: Content Type | E1: Post Text | F1: Likes | G1: Shares | H1: Comments | I1: Impressions | J1: Reach | K1: Clicks | L1: Hashtags Used | M1: Campaign_Name | N1: Engagement_Rate | O1: Engagement
A2: P001 | B2: Twitter | C2: 45649 | D2: Reel | E2: Explore the latest reel on Myntra! Trendy styles await. | F2: 1461 | G2: 184 | H2: 344 | I2: 21915 | J2: 21675 | K2: 15 | L2: #MyntraSale | M2: FashionUpgrade | N2: =(Post5[[#This Row],[Likes]]+Post5[[#This Row],[Shares]]+Post5[[#This Row],[Comments]])/Post5[[#This Row],[Impressions]] -> 0.090759754 | O2: =SUM(Post5[[#This Row],[Likes]],Post5[[#This Row],[Shares]],Post5[[#This Row],[Comments]]) -> 1989
A3: P002 | B3: Twitter | C3: 45750 | D3: Text | E3: Explore the latest text on Myntra! Trendy styles await. | F3: 4054 | G3: 389 | H3: 493 | I3: 64864 | J3: 64383 | K3: 117 | L3: #MyntraFashion | M3: EndOfSeasonSale | N3: =(Post5[[#This Row],[Likes]]+Post5[[#This Row],[Shares]]+Post5[[#This Row],[Comments]])/Post5[[#This Row],[Impressions]] -> 0.076097681 | O3: =SUM(Post5[[#This Row],[Likes]],Post5[[#This Row],[Shares]],Post5[[#This Row],[Comments]]) -> 4936
A4: P003 | B4: YouTube | C4: 45789 | D4: Reel | E4: Explore the latest reel on Myntra! Trendy styles await. | F4: 2795 | G4: 105 | H4: 49 | I4: 53105 | J4: 52307 | K4: 204 | L4: #MyntraFashion | M4: FashionUpgrade | N4: =(Post5[[#This Row],[Likes]]+Post5[[#This Row],[Shares]]+Post5[[#This Row],[Comments]])/Post5[[#This Row],[Impressions]] -> 0.055531494 | O4: =SUM(Post5[[#This Row],[Likes]],Post5[[#This Row],[Shares]],Post5[[#This Row],[Comments]]) -> 2949
A5: P004 | B5: Instagram | C5: 45516 | D5: Story | E5: Explore the latest story on Myntra! Trendy styles await. | F5: 2404 | G5: 363 | H5: 138 | I5: 19232 | J5: 18636 | K5: 128 | L5: #MyntraSale | M5: FashionUpgrade | N5: =(Post5[[#This Row],[Likes]]+Post5[[#This Row],[Shares]]+Post5[[#This Row],[Comments]])/Post5[[#This Row],[Impressions]] -> 0.15105033 | O5: =SUM(Post5[[#This Row],[Likes]],Post5[[#This Row],[Shares]],Post5[[#This Row],[Comments]]) -> 2905
A6: P005 | B6: YouTube | C6: 45469 | D6: Reel | E6: Explore the latest reel on Myntra! Trendy styles await. | F6: 3557 | G6: 687 | H6: 424 | I6: 71140 | J6: 70701 | K6: 224 | L6: #StyleWithMyntra | M6: MyntraFestiveEdit | N6: =(Post5[[#This Row],[Likes]]+Post5[[#This Row],[Shares]]+Post5[[#This Row],[Comments]])/Post5[[#This Row],[Impressions]] -> 0.065617093 | O6: =SUM(Post5[[#This Row],[Likes]],Post5[[#This Row],[Shares]],Post5[[#This Row],[Comments]]) -> 4668 | R6: Formula Used: Engagement= Likes+Share+Comments
A7: P006 | B7: Facebook | C7: 45596 | D7: Carousel | E7: Explore the latest carousel on Myntra! Trendy styles await. | F7: 2945 | G7: 930 | H7: 355 | I7: 23560 | J7: 23275 | K7: 256 | L7: #MyntraTrend | M7: EndOfSeasonSale | N7: =(Post5[[#This Row],[Likes]]+Post5[[#This Row],[Shares]]+Post5[[#This Row],[Comments]])/Post5[[#This Row],[Impressions]] -> 0.1795416 | O7: =SUM(Post5[[#This Row],[Likes]],Post5[[#This Row],[Shares]],Post5[[#This Row],[Comments]]) -> 4230
A8: P007 | B8: Twitter | C8: 45467 | D8: Carousel | E8: Explore the latest carousel on Myntra! Trendy styles await. | F8: 3860 | G8: 201 | H8: 279 | I8: 61760 | J8: 61660 | K8: 235 | L8: #MyntraTrend | M8: MyntraFestiveEdit | N8: =(Post5[[#This Row],[Likes]]+Post5[[#This Row],[Shares]]+Post5[[#This Row],[Comments]])/Post5[[#This Row],[Impressions]] -> 0.070272021 | O8: =SUM(Post5[[#This Row],[Likes]],Post5[[#This Row],[Shares]],Post5[[#This Row],[Comments]]) -> 4340
A9: P008 | B9: YouTube | C9: 45486 | D9: Image | E9: Explore the latest image on Myntra! Trendy styles await. | F9: 3929 | G9: 262 | H9: 278 | I9: 43219 | J9: 42841 | K9: 39 | L9: #MyntraFashion | M9: MyntraFestiveEdit | N9: =(Post5[[#This Row],[Likes]]+Post5[[#This Row],[Shares]]+Post5[[#This Row],[Comments]])/Post5[[#This Row],[Impressions]] -> 0.1034036 | O9: =SUM(Post5[[#This Row],[Likes]],Post5[[#This Row],[Shares]],Post5[[#This Row],[Comments]]) -> 4469
A10: P009 | B10: Facebook | C10: 45534 | D10: Text | E10: Explore the latest text on Myntra! Trendy styles await. | F10: 3784 | G10: 808 | H10: 404 | I10: 56760 | J10: 56343 | K10: 131 | L10: #MyntraFashion | M10: MyntraFestiveEdit | N10: =(Post5[[#This Row],[Likes]]+Post5[[#This Row],[Shares]]+Post5[[#This Row],[Comments]])/Post5[[#This Row],[Impressions]] -> 0.088019732 | O10: =SUM(Post5[[#This Row],[Likes]],Post5[[#This Row],[Shares]],Post5[[#This Row],[Comments]]) -> 4996
A11: P010 | B11: Facebook | C11: 45727 | D11: Image | E11: Explore the latest image on Myntra! Trendy styles await. | F11: 4241 | G11: 902 | H11: 47 | I11: 72097 | J11: 71598 | K11: 167 | L11: #MyntraTrend | M11: StyleRevolution | N11: =(Post5[[#This Row],[Likes]]+Post5[[#This Row],[Shares]]+Post5[[#This Row],[Comments]])/Post5[[#This Row],[Impressions]] -> 0.071986352 | O11: =SUM(Post5[[#This Row],[Likes]],Post5[[#This Row],[Shares]],Post5[[#This Row],[Comments]]) -> 5190
A12: P011 | B12: Instagram | C12: 45690 | D12: Story | E12: Explore the latest story on Myntra! Trendy styles await. | F12: 1792 | G12: 614 | H12: 497 | I12: 25088 | J12: 24675 | K12: 65 | L12: #StyleWithMyntra | M12: FashionUpgrade | N12: =(Post5[[#This Row],[Likes]]+Post5[[#This Row],[Shares]]+Post5[[#This Row],[Comments]])/Post5[[#This Row],[Impressions]] -> 0.11571269 | O12: =SUM(Post5[[#This Row],[Likes]],Post5[[#This Row],[Shares]],Post5[[#This Row],[Comments]]) -> 2903
A13: P012 | B13: Facebook | C13: 45494 | D13: Reel | E13: Explore the latest reel on Myntra! Trendy styles await. | F13: 1946 | G13: 686 | H13: 377 | I13: 23352 | J13: 22982 | K13: 213 | L13: #StyleWithMyntra | M13: MyntraFestiveEdit | N13: =(Post5[[#This Row],[Likes]]+Post5[[#This Row],[Shares]]+Post5[[#This Row],[Comments]])/Post5[[#This Row],[Impressions]] -> 0.12885406 | O13: =SUM(Post5[[#This Row],[Likes]],Post5[[#This Row],[Shares]],Post5[[#This Row],[Comments]]) -> 3009
A14: P013 | B14: YouTube | C14: 45614 | D14: Carousel | E14: Explore the latest carousel on Myntra! Trendy styles await. | F14: 1171 | G14: 286 | H14: 231 | I14: 22249 | J14: 21282 | K14: 114 | L14: #MyntraFashion | M14: StyleRevolution | N14: =(Post5[[#This Row],[Likes]]+Post5[[#This Row],[Shares]]+Post5[[#This Row],[Comments]])/Post5[[#This Row],[Impressions]] -> 0.075868578 | O14: =SUM(Post5[[#This Row],[Likes]],Post5[[#This Row],[Shares]],Post5[[#This Row],[Comments]]) -> 1688
A15: P014 | B15: Facebook | C15: 45704 | D15: Story | E15: Explore the latest story on Myntra! Trendy styles await. | F15: 4242 | G15: 555 | H15: 131 | I15: 33936 | J15: 33802 | K15: 265 | L15: #MyntraSale | M15: MyntraFestiveEdit | N15: =(Post5[[#This Row],[Likes]]+Post5[[#This Row],[Shares]]+Post5[[#This Row],[Comments]])/Post5[[#This Row],[Impressions]] -> 0.14521452 | O15: =SUM(Post5[[#This Row],[Likes]],Post5[[#This Row],[Shares]],Post5[[#This Row],[Comments]]) -> 4928
A16: P015 | B16: Facebook | C16: 45589 | D16: Video | E16: Explore the latest video on Myntra! Trendy styles await. | F16: 3888 | G16: 604 | H16: 128 | I16: 77760 | J16: 77167 | K16: 20 | L16: #MyntraFashion | M16: FashionUpgrade | N16: =(Post5[[#This Row],[Likes]]+Post5[[#This Row],[Shares]]+Post5[[#This Row],[Comments]])/Post5[[#This Row],[Impressions]] -> 0.05941358 | O16: =SUM(Post5[[#This Row],[Likes]],Post5[[#This Row],[Shares]],Post5[[#This Row],[Comments]]) -> 4620
A17: P016 | B17: Facebook | C17: 45530 | D17: Text | E17: Explore the latest text on Myntra! Trendy styles await. | F17: 3452 | G17: 377 | H17: 360 | I17: 55232 | J17: 55075 | K17: 87 | L17: #MyntraSale | M17: MyntraFestiveEdit | N17: =(Post5[[#This Row],[Likes]]+Post5[[#This Row],[Shares]]+Post5[[#This Row],[Comments]])/Post5[[#This Row],[Impressions]] -> 0.075843714 | O17: =SUM(Post5[[#This Row],[Likes]],Post5[[#This Row],[Shares]],Post5[[#This Row],[Comments]]) -> 4189
A18: P017 | B18: Facebook | C18: 45782 | D18: Text | E18: Explore the latest text on Myntra! Trendy styles await. | F18: 4441 | G18: 511 | H18: 70 | I18: 53292 | J18: 53082 | K18: 159 | L18: #FashionDeals | M18: MyntraFestiveEdit | N18: =(Post5[[#This Row],[Likes]]+Post5[[#This Row],[Shares]]+Post5[[#This Row],[Comments]])/Post5[[#This Row],[Impressions]] -> 0.094235533 | O18: =SUM(Post5[[#This Row],[Likes]],Post5[[#This Row],[Shares]],Post5[[#This Row],[Comments]]) -> 5022
... A301: P300 | B301: Twitter | C301: 45535 | D301: Carousel | E301: Explore the latest carousel on Myntra! Trendy styles await. | F301: 4494 | G301: 717 | H301: 45 | I301: 62916 | J301: 62688 | K301: 191 | L301: #MyntraFashion | M301: FashionUpgrade | N301: =(Post5[[#This Row],[Likes]]+Post5[[#This Row],[Shares]]+Post5[[#This Row],[Comments]])/Post5[[#This Row],[Impressions]] -> 0.083539958 | O301: =SUM(Post5[[#This Row],[Likes]],Post5[[#This Row],[Shares]],Post5[[#This Row],[Comments]]) -> 5256

Sheet Engagment Summary
A1: Week_Start_Date | B1: Platform | C1: New_Followers | D1: Unfollows | E1: Total_Followers | F1: Engagement_Rate | G1: Ad_Spend | H1: Campaign_name
A2: 45446 | B2: Instagram | C2: 1135 | D2: 88 | E2: 344084 | F2: 8.06 | G2: 5904 | H2: =IF(AND(A2>='Campaign Data'!$B$2,'Engagment Summary'!A2<='Campaign Data'!$C$2),"EndofSeasonSale",IF(AND(A2>='Campaign Data'!$B$3,A2<='Campaign Data'!$C$3),"FashionUpgrade",IF(AND(A2>='Campaign Data'!$B$4,A2<='Campaign Data'!$C$4),"MyntraFestiveEdit",IF(AND(A2>='Campaign Data'!$B$5,A2<='Campaign Data'!$C$5),"StyleRevolution","No Campaign")))) -> No Campaign
A3: 45446 | B3: Facebook | C3: 1312 | D3: 310 | E3: 42654 | F3: 4.98 | G3: 9566 | H3: =IF(AND(A3>='Campaign Data'!$B$2,'Engagment Summary'!A3<='Campaign Data'!$C$2),"EndofSeasonSale",IF(AND(A3>='Campaign Data'!$B$3,A3<='Campaign Data'!$C$3),"FashionUpgrade",IF(AND(A3>='Campaign Data'!$B$4,A3<='Campaign Data'!$C$4),"MyntraFestiveEdit",IF(AND(A3>='Campaign Data'!$B$5,A3<='Campaign Data'!$C$5),"StyleRevolution","No Campaign")))) -> No Campaign
A4: 45446 | B4: Twitter | C4: 584 | D4: 169 | E4: 146834 | F4: 8.31 | G4: 26752 | H4: =IF(AND(A4>='Campaign Data'!$B$2,'Engagment Summary'!A4<='Campaign Data'!$C$2),"EndofSeasonSale",IF(AND(A4>='Campaign Data'!$B$3,A4<='Campaign Data'!$C$3),"FashionUpgrade",IF(AND(A4>='Campaign Data'!$B$4,A4<='Campaign Data'!$C$4),"MyntraFestiveEdit",IF(AND(A4>='Campaign Data'!$B$5,A4<='Campaign Data'!$C$5),"StyleRevolution","No Campaign")))) -> No Campaign
A5: 45446 | B5: YouTube | C5: 1535 | D5: 445 | E5: 395536 | F5: 4.11 | G5: 30671 | H5: =IF(AND(A5>='Campaign Data'!$B$2,'Engagment Summary'!A5<='Campaign Data'!$C$2),"EndofSeasonSale",IF(AND(A5>='Campaign Data'!$B$3,A5<='Campaign Data'!$C$3),"FashionUpgrade",IF(AND(A5>='Campaign Data'!$B$4,A5<='Campaign Data'!$C$4),"MyntraFestiveEdit",IF(AND(A5>='Campaign Data'!$B$5,A5<='Campaign Data'!$C$5),"StyleRevolution","No Campaign")))) -> No Campaign | J5: Formula used: Campaign name=IF(AND(A2>='Campaign Data'!$B$2,'Engagment Summary'!A2<='Campaign Data'!$C$2),"EndofSeasonSale",IF(AND(A2>='Campaign Data'!$B$3,A2<='Campaign Data'!$C$3),"FashionUpgrade",IF(AND(A2>='Campaign Data'!$B$4,A2<='Campaign Data'!$C$4),"MyntraFestiveEdit",IF(AND(A2>='Campaign Data'!$B$5,A2<='Campaign Data'!$C$5),"StyleRevolution","No Campaign"))))
A6: 45453 | B6: Instagram | C6: 656 | D6: 139 | E6: 49157 | F6: 9.05 | G6: 9920 | H6: =IF(AND(A6>='Campaign Data'!$B$2,'Engagment Summary'!A6<='Campaign Data'!$C$2),"EndofSeasonSale",IF(AND(A6>='Campaign Data'!$B$3,A6<='Campaign Data'!$C$3),"FashionUpgrade",IF(AND(A6>='Campaign Data'!$B$4,A6<='Campaign Data'!$C$4),"MyntraFestiveEdit",IF(AND(A6>='Campaign Data'!$B$5,A6<='Campaign Data'!$C$5),"StyleRevolution","No Campaign")))) -> EndofSeasonSale
A7: 45453 | B7: Facebook | C7: 1697 | D7: 414 | E7: 316555 | F7: 2.37 | G7: 7924 | H7: =IF(AND(A7>='Campaign Data'!$B$2,'Engagment Summary'!A7<='Campaign Data'!$C$2),"EndofSeasonSale",IF(AND(A7>='Campaign Data'!$B$3,A7<='Campaign Data'!$C$3),"FashionUpgrade",IF(AND(A7>='Campaign Data'!$B$4,A7<='Campaign Data'!$C$4),"MyntraFestiveEdit",IF(AND(A7>='Campaign Data'!$B$5,A7<='Campaign Data'!$C$5),"StyleRevolution","No Campaign")))) -> EndofSeasonSale
A8: 45453 | B8: Twitter | C8: 436 | D8: 250 | E8: 254347 | F8: 4.01 | G8: 8912 | H8: =IF(AND(A8>='Campaign Data'!$B$2,'Engagment Summary'!A8<='Campaign Data'!$C$2),"EndofSeasonSale",IF(AND(A8>='Campaign Data'!$B$3,A8<='Campaign Data'!$C$3),"FashionUpgrade",IF(AND(A8>='Campaign Data'!$B$4,A8<='Campaign Data'!$C$4),"MyntraFestiveEdit",IF(AND(A8>='Campaign Data'!$B$5,A8<='Campaign Data'!$C$5),"StyleRevolution","No Campaign")))) -> EndofSeasonSale
A9: 45453 | B9: YouTube | C9: 1197 | D9: 203 | E9: 413878 | F9: 3.16 | G9: 21205 | H9: =IF(AND(A9>='Campaign Data'!$B$2,'Engagment Summary'!A9<='Campaign Data'!$C$2),"EndofSeasonSale",IF(AND(A9>='Campaign Data'!$B$3,A9<='Campaign Data'!$C$3),"FashionUpgrade",IF(AND(A9>='Campaign Data'!$B$4,A9<='Campaign Data'!$C$4),"MyntraFestiveEdit",IF(AND(A9>='Campaign Data'!$B$5,A9<='Campaign Data'!$C$5),"StyleRevolution","No Campaign")))) -> EndofSeasonSale
A10: 45460 | B10: Instagram | C10: 1048 | D10: 155 | E10: 456946 | F10: 2.46 | G10: 11329 | H10: =IF(AND(A10>='Campaign Data'!$B$2,'Engagment Summary'!A10<='Campaign Data'!$C$2),"EndofSeasonSale",IF(AND(A10>='Campaign Data'!$B$3,A10<='Campaign Data'!$C$3),"FashionUpgrade",IF(AND(A10>='Campaign Data'!$B$4,A10<='Campaign Data'!$C$4),"MyntraFestiveEdit",IF(AND(A10>='Campaign Data'!$B$5,A10<='Campaign Data'!$C$5),"StyleRevolution","No Campaign")))) -> EndofSeasonSale
A11: 45460 | B11: Facebook | C11: 1753 | D11: 371 | E11: 169496 | F11: 8.11 | G11: 46670 | H11: =IF(AND(A11>='Campaign Data'!$B$2,'Engagment Summary'!A11<='Campaign Data'!$C$2),"EndofSeasonSale",IF(AND(A11>='Campaign Data'!$B$3,A11<='Campaign Data'!$C$3),"FashionUpgrade",IF(AND(A11>='Campaign Data'!$B$4,A11<='Campaign Data'!$C$4),"MyntraFestiveEdit",IF(AND(A11>='Campaign Data'!$B$5,A11<='Campaign Data'!$C$5),"StyleRevolution","No Campaign")))) -> EndofSeasonSale
A12: 45460 | B12: Twitter | C12: 1335 | D12: 40 | E12: 122732 | F12: 8.19 | G12: 22482 | H12: =IF(AND(A12>='Campaign Data'!$B$2,'Engagment Summary'!A12<='Campaign Data'!$C$2),"EndofSeasonSale",IF(AND(A12>='Campaign Data'!$B$3,A12<='Campaign Data'!$C$3),"FashionUpgrade",IF(AND(A12>='Campaign Data'!$B$4,A12<='Campaign Data'!$C$4),"MyntraFestiveEdit",IF(AND(A12>='Campaign Data'!$B$5,A12<='Campaign Data'!$C$5),"StyleRevolution","No Campaign")))) -> EndofSeasonSale
A13: 45460 | B13: YouTube | C13: 403 | D13: 66 | E13: 382851 | F13: 3.49 | G13: 24313 | H13: =IF(AND(A13>='Campaign Data'!$B$2,'Engagment Summary'!A13<='Campaign Data'!$C$2),"EndofSeasonSale",IF(AND(A13>='Campaign Data'!$B$3,A13<='Campaign Data'!$C$3),"FashionUpgrade",IF(AND(A13>='Campaign Data'!$B$4,A13<='Campaign Data'!$C$4),"MyntraFestiveEdit",IF(AND(A13>='Campaign Data'!$B$5,A13<='Campaign Data'!$C$5),"StyleRevolution","No Campaign")))) -> EndofSeasonSale
A14: 45467 | B14: Instagram | C14: 911 | D14: 282 | E14: 35664 | F14: 6.92 | G14: 18050 | H14: =IF(AND(A14>='Campaign Data'!$B$2,'Engagment Summary'!A14<='Campaign Data'!$C$2),"EndofSeasonSale",IF(AND(A14>='Campaign Data'!$B$3,A14<='Campaign Data'!$C$3),"FashionUpgrade",IF(AND(A14>='Campaign Data'!$B$4,A14<='Campaign Data'!$C$4),"MyntraFestiveEdit",IF(AND(A14>='Campaign Data'!$B$5,A14<='Campaign Data'!$C$5),"StyleRevolution","No Campaign")))) -> EndofSeasonSale
A15: 45467 | B15: Facebook | C15: 1779 | D15: 109 | E15: 26295 | F15: 9.12 | G15: 30635 | H15: =IF(AND(A15>='Campaign Data'!$B$2,'Engagment Summary'!A15<='Campaign Data'!$C$2),"EndofSeasonSale",IF(AND(A15>='Campaign Data'!$B$3,A15<='Campaign Data'!$C$3),"FashionUpgrade",IF(AND(A15>='Campaign Data'!$B$4,A15<='Campaign Data'!$C$4),"MyntraFestiveEdit",IF(AND(A15>='Campaign Data'!$B$5,A15<='Campaign Data'!$C$5),"StyleRevolution","No Campaign")))) -> EndofSeasonSale
A16: 45467 | B16: Twitter | C16: 1238 | D16: 403 | E16: 298421 | F16: 3.5 | G16: 31280 | H16: =IF(AND(A16>='Campaign Data'!$B$2,'Engagment Summary'!A16<='Campaign Data'!$C$2),"EndofSeasonSale",IF(AND(A16>='Campaign Data'!$B$3,A16<='Campaign Data'!$C$3),"FashionUpgrade",IF(AND(A16>='Campaign Data'!$B$4,A16<='Campaign Data'!$C$4),"MyntraFestiveEdit",IF(AND(A16>='Campaign Data'!$B$5,A16<='Campaign Data'!$C$5),"StyleRevolution","No Campaign")))) -> EndofSeasonSale
A17: 45467 | B17: YouTube | C17: 308 | D17: 431 | E17: 426184 | F17: 2.62 | G17: 1783 | H17: =IF(AND(A17>='Campaign Data'!$B$2,'Engagment Summary'!A17<='Campaign Data'!$C$2),"EndofSeasonSale",IF(AND(A17>='Campaign Data'!$B$3,A17<='Campaign Data'!$C$3),"FashionUpgrade",IF(AND(A17>='Campaign Data'!$B$4,A17<='Campaign Data'!$C$4),"MyntraFestiveEdit",IF(AND(A17>='Campaign Data'!$B$5,A17<='Campaign Data'!$C$5),"StyleRevolution","No Campaign")))) -> EndofSeasonSale
... A201: 45789 | B201: YouTube | C201: 119 | D201: 456 | E201: 82558 | F201: 6.81 | G201: 12174 | H201: =IF(AND(A201>='Campaign Data'!$B$2,'Engagment Summary'!A201<='Campaign Data'!$C$2),"EndofSeasonSale",IF(AND(A201>='Campaign Data'!$B$3,A201<='Campaign Data'!$C$3),"FashionUpgrade",IF(AND(A201>='Campaign Data'!$B$4,A201<='Campaign Data'!$C$4),"MyntraFestiveEdit",IF(AND(A201>='Campaign Data'!$B$5,A201<='Campaign Data'!$C$5),"StyleRevolution","No Campaign")))) -> No Campaign

Sheet Campaign Data
A1: Campaign_Name | B1: Start_Date | C1: End_Date | D1: Objective | E1: Total_Budget | F1: Target_Platforms
A2: EndOfSeasonSale | B2: 45453 | C2: 45478 | D2: Seasonal Clearance Promotion | E2: 180000 | F2: Instagram,Facebook
A3: FashionUpgrade | B3: 45505 | C3: 45535 | D3: Customer Engagement | E3: 160000 | F3: Instagram,YouTube
A4: MyntraFestiveEdit | B4: 45570 | C4: 45601 | D4: Festive Collection Launch | E4: 220000 | F4: Facebook,Instagram
A5: StyleRevolution | B5: 45667 | C5: 45698 | D5: Brand Awareness & Growth | E5: 200000 | F5: Instagram,Twitter

Sheet Total&Avg
A3: Row Labels | B3: Sum of Impressions | C3: Average of Impressions2 | D3: Sum of Likes | E3: Average of Likes2 | F3: Sum of Clicks | G3: Average of Clicks2
A4: EndOfSeasonSale | B4: 2886292 | C4: 34774.602 | D4: 232785 | E4: 2804.6386 | F4: 12376 | G4: 149.10843
A5: FashionUpgrade | B5: 2788367 | C5: 38727.319 | D5: 212431 | E5: 2950.4306 | F5: 11191 | G5: 155.43056
A6: MyntraFestiveEdit | B6: 2611652 | C6: 33482.718 | D6: 198666 | E6: 2547 | F6: 12464 | G6: 159.79487
A7: StyleRevolution | B7: 2107842 | C7: 31460.328 | D7: 176109 | E7: 2628.4925 | F7: 9335 | G7: 139.32836
B11: Total & Average Impressions, Likes, Clicks per Campaign.

Sheet uplift
B3: Campaign_flag | C3: Average of Engagement_Rate | E3: Note: I have used PowerPivot to create a relationship between post data and campaign data ,you can see it from clicking to PowerPivot and then go to Manage.
B4: After | C4: 0.14708872
B5: Before | C5: 0.14923006
B6: During | C6: 0.15257346
B9: Campaigns increased engagement.

Sheet ROI
B3: Row Labels | C3: Sum of Engagement | D3: Sum of Total_Budget | E3: ROI | H3: Note:
B4: EndOfSeasonSale | C4: 295774 | D4: 180000 | E4: =C4/D4 -> 1.6431889 | H4: Engagement=sum(likes+comment+share)
B5: FashionUpgrade | C5: 265044 | D5: 160000 | E5: =C5/D5 -> 1.656525 | H5: ROI=sumofEngagement/sumofTotalBudget
B6: MyntraFestiveEdit | C6: 256339 | D6: 220000 | E6: =C6/D6 -> 1.1651773
B7: StyleRevolution | C7: 220610 | D7: 200000 | E7: =C7/D7 -> 1.10305
C11: FashionUpgrade has the highest ROI among all the campaigns.

Sheet FollowerGrowth
A1: Direct campaign-level follower data was not available in the dataset. Therefore, follower growth was analyzed at the platform level during major campaign periods.
A5: Row Labels | B5: Max of Total_Followers | C5: Min of Total_Followers | D5: Follower_Growth
A6: EndofSeasonSale | B6: 456946 | C6: 26295 | D6: =B6-C6 -> 430651
A7: FashionUpgrade | B7: 489188 | C7: 87443 | D7: =B7-C7 -> 401745
A8: MyntraFestiveEdit | B8: 476486 | C8: 23492 | D8: =B8-C8 -> 452994
A9: No Campaign | B9: 496982 | C9: 11435 | D9: =B9-C9 -> 485547
A10: StyleRevolution | B10: 487896 | C10: 14437 | D10: =B10-C10 -> 473459
B14: Formula used: Follower Growth= Max-Min
B17: Follower impact was analyzed indirectly due to data limitations.
